cell_type,TF,motif,active_motif_ct,inactive_motif_ct,filtered_active_motif_ct,filtered_inactive_motif_ct,e_value,center_pos_list,l_peak_pos_list,r_peak_pos_list,footprint,left_peak,right_peak,inactive_mean,inactive_std,peak_weight,footprint_weight,global_std_weight,rho,pval,unbound,bound,recently bound,model_rho,model_pval
K562,ARNT,ENCSR669NFS_CTGGBDDNNRSAGATAAGRV,1343,124575,1231,124575,7.200000000000001e-165,"[-5, 4, 6]","[-97, -88, -86, -75, -72, -71, -70, -69, -68, -66, -65, -63, -62, -61, -60, -59, -58, -54, -51, -50, -49, -48, -47, -46, -45, -44, -42, -38, -37, -34, -33, -32, -31, -30, -29, -28, -27, -26, -25, -24, -23, -21, -20, -19, -17, -16, -15, -14, -13, -12, -11, -10, -8, -7, -6]","[8, 10, 12, 13, 14, 15, 16, 17, 18, 19, 20, 21, 22, 23, 24, 26, 27, 28, 29, 30, 31, 32, 33, 34, 35, 36, 38, 39, 40, 41, 42, 43, 44, 45, 46, 47, 50, 51, 52, 53, 57, 58, 59, 60, 61, 62, 63, 64, 65, 66, 67, 69, 70, 71, 72, 73, 74, 75, 76, 77, 79, 80, 82, 83, 85, 86, 87, 89, 90, 91, 92, 95, 97]",0.2342648484567964,0.3682123163696699,0.3644767519366119,0.1988548531404712,0.0452058741200097,1.5,-0.5,2.0,0.1555978546444018,0.0092357500326632,38310.0,18415.0,18571.0,0.2842755611214563,0.0018947950701824023
K562,ATF1,ENCSR091GVJ_YGRTGACGTCAYVSV,11557,34420,11267,34420,0.0,"[-9, -5, -2, -1, 0, 1, 4]","[-81, -80, -79, -78, -75, -74, -72, -67, -65, -64, -63, -62, -61, -60, -56, -55, -53, -52, -49, -48, -47, -46, -45, -44, -43, -42, -41, -40, -39, -38, -37, -36, -35, -34, -33, -32, -31, -30, -28, -27, -26, -25, -24, -23, -22, -21, -20, -19, -15, -14, -13, -12]","[5, 6, 7, 9, 10, 11, 12, 13, 14, 15, 16, 17, 18, 19, 20, 21, 22, 23, 24, 25, 26, 27, 28, 29, 30, 31, 32, 33, 34, 35, 36, 37, 38, 39, 40, 41, 42, 43, 44, 45, 46, 47, 48, 49, 51, 54, 55, 56, 58, 59, 60, 61, 62, 70, 71, 77]",0.2530833476495523,0.3313739109784034,0.3323182606140676,0.1657963737162721,0.0180700832429608,0.1,1.45,2.0,0.3045171892842999,3.502252250226366e-44,308394.0,477946.0,281679.0,0.3128676624264022,6.020138339485821e-27
K562,ATF2,ENCSR869IUD_RRTGACGTCATS,11698,72780,11663,72780,0.0,"[-4, -1, 0, 1, 2, 5]","[-79, -73, -66, -64, -63, -62, -61, -58, -57, -56, -55, -54, -53, -52, -50, -48, -47, -46, -45, -44, -43, -42, -41, -40, -39, -37, -36, -35, -34, -33, -32, -31, -30, -29, -27, -26, -25, -24, -23, -22, -21, -20, -19, -9, -7, -6, -5]","[6, 7, 8, 9, 10, 11, 12, 13, 14, 15, 16, 17, 18, 19, 20, 21, 22, 23, 24, 26, 27, 28, 29, 30, 31, 32, 33, 34, 35, 36, 37, 38, 44, 45, 47, 49, 50, 59, 60, 61]",0.2283946812072347,0.3283301750026662,0.3363755256195913,0.1654666207840977,0.0195338068760219,1.5,1.35,2.0,0.2282321595292716,4.783222776875345e-25,141347.0,149351.0,80112.0,0.2489506427176186,4.973466797419493e-12
K562,ATF3,ENCSR028UIU_NNKRTKRCRTCATC,13778,84117,13484,84117,0.0,"[-2, 0, 1, 2, 6]","[-87, -77, -76, -75, -74, -73, -72, -70, -69, -65, -63, -62, -61, -60, -59, -58, -57, -56, -55, -54, -53, -52, -51, -47, -46, -45, -44, -42, -41, -40, -39, -37, -36, -35, -34, -33, -32, -31, -30, -29, -28, -27, -26, -25, -24, -23, -22, -21, -20, -19, -18, -17, -16, -15, -14, -13, -12, -11, -10, -9, -8, -7, -6, -5, -4, -3]","[7, 8, 9, 10, 11, 12, 13, 14, 15, 16, 17, 18, 19, 20, 21, 22, 23, 24, 25, 26, 27, 28, 29, 30, 31, 32, 33, 34, 35, 36, 37, 38, 39, 40, 42, 43, 44, 45, 46, 47, 48, 49, 50, 52, 54, 56, 57, 58, 59, 60, 61, 63, 64, 65, 66, 67, 68, 69, 71, 72, 73, 76, 78, 79, 80, 81]",0.255824915957758,0.3131244546036365,0.3115547540080162,0.182410661757206,0.027064099087853,1.0,1.7,2.0,0.1785510224313892,1.0018204420156713e-15,206973.0,167718.0,103236.0,0.24190508815667813,3.964739507301879e-15
K562,BACH1,ENCSR740NPG_ATGACTCAGCANW,8411,151868,5658,151868,0.0,"[-3, -2, 0, 1, 2, 3, 6]","[-99, -97, -90, -89, -88, -79, -75, -72, -70, -68, -64, -63, -62, -61, -57, -56, -54, -53, -52, -49, -48, -47, -46, -45, -44, -41, -39, -38, -37, -36, -35, -30, -29, -28, -27, -23, -21, -20, -18, -17, -16, -13, -12, -11, -9, -5]","[7, 8, 10, 11, 13, 14, 15, 16, 17, 20, 22, 23, 24, 25, 28, 29, 31, 32, 34, 35, 36, 39, 40, 41, 42, 43, 44, 45, 46, 47, 48, 50, 51, 52, 55, 56, 57, 58, 59, 60, 65, 68, 87, 92]",0.1833766377252401,0.3286628584721944,0.3252614372334225,0.1705894441265765,0.0261875694299473,0.0,0.75,2.0,0.1603305679163147,5.496488132254614e-13,175908.0,316573.0,194184.0,0.2748790220903817,2.379682153007769e-12
K562,BHLHE40,ENCSR000EGV_VGTCACGTGC,9659,57075,9568,57075,0.0,"[-5, -4, -3, -2, -1, 0, 1, 2, 3, 4, 5, 6, 7, 8]","[-74, -72, -65, -64, -62, -57, -47, -45, -44, -39, -38, -36, -35, -34, -33, -32, -31, -30, -29, -27, -26, -25, -24, -23, -22, -21, -19, -18, -17, -16, -15, -14, -13, -12, -11, -10, -9, -8, -7, -6]","[9, 10, 11, 12, 13, 14, 15, 16, 17, 18, 19, 20, 21, 22, 24, 25, 26, 27, 28, 29, 30, 32, 33, 34, 35, 36, 37, 38, 39, 41, 42, 47, 50, 58, 60, 61, 64, 65, 67, 68, 77, 80, 87, 98]",0.1734787961285062,0.2973130267971859,0.2928830016785717,0.1731485459758547,0.032030549944273,2.0,2.0,2.0,0.3436244389081229,1.5803879078984434e-56,449643.0,355109.0,103127.0,0.3829803785206804,1.0769342154408397e-35
K562,CEBPB,ENCSR416QLJ_BRTTGCRYAAYHNY,15033,76910,14526,76910,0.0,"[-4, -1, 5]","[-83, -77, -70, -68, -63, -57, -54, -53, -51, -47, -46, -45, -43, -36, -35, -33, -31, -30, -29, -28, -26, -25, -24, -23, -22, -21, -19, -18, -17, -15, -14, -13, -12, -11, -10, -9, -8, -7, -5]","[8, 9, 10, 11, 12, 13, 14, 15, 18, 20, 21, 22, 23, 24, 25, 26, 27, 28, 29, 30, 31, 33, 34, 35, 36, 37, 38, 39, 40, 41, 42, 43, 44, 46, 48, 49, 50, 51, 52, 53, 54, 55, 56, 57, 58, 59, 61, 63, 64, 65, 66, 67, 71, 75, 78, 87, 90]",0.2119919757659297,0.2757133063548005,0.2726330184319748,0.1679474868014622,0.0243831334870888,1.4,-0.05,2.0,0.1409807765294786,8.081056487999976e-09,118473.0,77767.0,46053.0,0.22634848282501738,9.148856569509733e-11
K562,CREB1,ENCSR000BSO_NGRTGACGYMABNV,3666,27141,3614,27141,0.0,"[-12, -11, -9, -8, -1, 0, 1, 2, 5]","[-91, -89, -88, -78, -77, -73, -71, -64, -63, -62, -60, -59, -57, -55, -54, -53, -52, -50, -48, -47, -46, -45, -44, -43, -42, -41, -40, -39, -38, -35, -34, -33, -32, -31, -30, -29, -27, -26, -25, -24, -23, -22, -21, -19, -18]","[6, 7, 8, 10, 11, 12, 13, 14, 15, 16, 17, 18, 19, 20, 21, 22, 23, 24, 26, 27, 28, 30, 31, 32, 33, 34, 35, 36, 37, 38, 39, 40, 42, 43, 44, 47, 50, 59]",0.2435439581753955,0.3416204100900373,0.349264171091262,0.1816495373867306,0.0290824067732223,2.0,1.9,2.0,0.3167759711437238,7.41071412892528e-48,533029.0,517495.0,371332.0,0.21644253368847088,1.0293885532104741e-05
K562,CREM,ENCSR077DKV_CGCSSVSHGRTGACGTCAB,8796,43437,8752,43437,0.0,"[-12, -7, -5, -4, 0, 2, 3, 4, 5, 6, 8]","[-100, -96, -95, -94, -84, -83, -81, -76, -75, -74, -69, -68, -67, -63, -61, -60, -59, -58, -57, -56, -55, -54, -53, -51, -50, -49, -48, -46, -45, -44, -43, -42, -41, -40, -39, -38, -37, -36, -35, -33, -32, -31, -30, -29, -28, -27, -26, -25, -23, -21, -19, -18, -17, -16, -15]","[10, 11, 12, 15, 16, 17, 18, 19, 20, 21, 23, 24, 25, 26, 27, 28, 29, 30, 31, 32, 34, 35, 36, 37, 38, 39, 40, 41, 42, 43, 44, 46, 47, 48, 49, 50, 51, 52, 54, 58, 59, 60, 61, 63, 64, 65, 66, 73, 74, 75, 76, 79, 87, 91, 92, 93, 98]",0.2128392944518697,0.3209986747380274,0.3078592427603788,0.1794902813923381,0.026754350985649,1.9,1.95,2.0,0.3133476320101034,8.224137691338747e-47,528585.0,495649.0,303858.0,0.3463242209703934,3.7098739913109143e-28
K562,CTCF,ENCSR000AKO_VBRGYGCCCCCTGSTGGC,35429,164062,35360,164062,0.0,"[-7, -6, -5, -4, -3, -2, -1, 0, 1, 2, 3, 4, 5, 6, 7, 8, 9, 10, 11, 12]","[-61, -60, -57, -56, -55, -54, -53, -52, -49, -48, -47, -46, -45, -44, -43, -42, -41, -40, -39, -38, -37, -36, -35, -34, -33, -32, -31, -30, -29, -28, -27, -26, -25, -24, -23, -22, -21, -20, -19, -18, -17, -16, -15, -14, -13, -12, -11]","[16, 17, 18, 19, 20, 21, 22, 23, 24, 25, 26, 27, 28, 29, 30, 31, 32, 33, 34, 35, 36, 37, 38, 39, 40, 41, 42, 43, 44, 45, 46, 47, 48, 49, 50, 51, 52, 53, 54, 56, 59, 60, 61, 62, 63, 65, 66, 67, 68, 69, 70, 73, 74, 75, 76]",0.1160622949491627,0.3500709158355249,0.3184878957390943,0.1895123052216096,0.0193636708921542,1.9,0.5,2.0,0.2420385333505044,4.706481082585188e-28,308391.0,266592.0,110188.0,0.27658780250738113,1.8607099870592434e-65
K562,E2F1,ENCSR720HUL_RTGACGTCAYHRVSS,7871,50942,7729,50942,0.0,"[-4, -3, -2, -1, 2]","[-83, -80, -74, -67, -65, -64, -63, -62, -61, -59, -58, -57, -54, -52, -50, -49, -47, -46, -45, -44, -43, -42, -41, -40, -39, -38, -37, -36, -35, -34, -33, -32, -31, -30, -29, -28, -27, -26, -25, -24, -23, -22, -21, -20, -19, -18, -17, -16, -15, -14, -13, -12, -10, -9, -8, -5]","[3, 4, 5, 7, 8, 9, 10, 12, 16, 17, 18, 19, 20, 21, 22, 23, 24, 25, 27, 28, 29, 30, 31, 32, 33, 34, 35, 37, 38, 39, 40, 41, 42, 43, 44, 46, 50, 52, 53, 54, 55, 56, 57, 58, 60, 61, 62, 69, 71, 75, 76]",0.2164024735865682,0.3365739629902801,0.3284751834198361,0.1722111940707772,0.0247535390835996,1.3999999999999997,-0.8,2.0,0.3228114138923392,9.911687836530094e-50,297900.0,385820.0,216703.0,0.28398198253807705,3.578769254883063e-14
K562,E2F4,ENCSR000EWL_NBBBVVNYTTCCCGCSVN,14235,140637,14138,140637,5e-315,"[-7, 8]","[-96, -87, -81, -80, -78, -77, -76, -74, -73, -69, -68, -66, -65, -64, -63, -62, -61, -60, -59, -56, -54, -53, -52, -51, -50, -49, -48, -47, -46, -45, -44, -43, -42, -41, -40, -39, -38, -36, -35, -34, -33, -32, -31, -30, -29, -28, -27, -26, -25, -24, -23, -22, -21, -20, -19, -18, -17, -16, -15, -14, -13, -12, -11, -10, -9, -8]","[9, 10, 11, 12, 13, 14, 15, 16, 17, 18, 19, 20, 21, 22, 23, 24, 25, 26, 28, 33, 34, 38, 39, 40, 41, 42, 43, 46, 47, 48, 49, 50, 51, 52, 53, 54, 55, 56, 58, 59, 61, 63, 66, 67, 68, 69, 70, 95, 96, 98, 100]",0.2919422317158563,0.3021696203272593,0.3096565607569613,0.2055117875776247,0.0246643557876349,2.0,-1.0831444142684454e-17,2.0,0.1571064102240167,4.160344832139466e-12,578062.0,348699.0,255634.0,0.24660727002462998,7.310228657701836e-18
K562,EGR1,ENCSR000BNE_SKGCGKGGGCGGVGSSGSSGS,48359,227808,47954,227808,0.0,"[-5, -4, -3, -2, 0, 4]","[-69, -68, -62, -59, -55, -53, -52, -50, -49, -48, -47, -46, -45, -44, -43, -42, -41, -40, -39, -38, -37, -36, -34, -33, -32, -31, -30, -28, -27, -26, -25, -24, -23, -22, -21, -20, -19, -18, -17, -16, -15, -14, -13, -12, -11, -10, -9, -8, -7, -6]","[5, 6, 7, 8, 9, 10, 11, 12, 13, 14, 15, 16, 17, 18, 19, 20, 21, 22, 23, 24, 25, 26, 27, 28, 29, 30, 31, 32, 33, 34, 35, 36, 37, 38, 39, 40, 41, 42, 43, 44, 45, 46, 47, 48, 49, 50, 51, 52, 53, 54, 55, 56, 57, 58, 59, 60, 62, 65, 66, 73]",0.2703759014623196,0.2920538409889611,0.2876075512981196,0.1922960859379622,0.0156948843672933,2.0,0.5,2.0,0.1995508313222151,2.0725689401022011e-19,389620.0,291742.0,206621.0,0.20216324620796455,1.0803224635092788e-36
K562,ELF1,ENCSR000BMD_SCRCTTCCGGGTYSS,20051,121064,20000,121064,0.0,"[-6, -5, -4, -3, 5]","[-77, -74, -71, -68, -67, -66, -65, -63, -62, -61, -60, -59, -58, -57, -56, -55, -54, -53, -52, -51, -50, -49, -48, -47, -46, -45, -44, -43, -42, -41, -40, -39, -38, -37, -36, -35, -34, -33, -32, -31, -30, -29, -28, -27, -26, -25, -24, -23, -22, -21, -20, -19, -18, -17, -16, -15, -14, -13, -12, -11, -10, -9, -8, -7]","[6, 7, 8, 9, 10, 11, 12, 13, 14, 15, 16, 17, 18, 19, 20, 21, 22, 23, 24, 25, 26, 27, 28, 29, 30, 31, 32, 33, 34, 35, 36, 37, 38, 39, 40, 41, 42, 43, 44, 45, 46, 47, 48, 49, 50, 52, 53, 54, 55, 59, 60, 61, 62, 63, 64, 65, 67, 68, 69]",0.2957340289685353,0.3087381671472515,0.316558027100529,0.1852000534443804,0.0233694305980091,1.7000000000000002,-1.0831444142684454e-17,2.0,0.2463920996269487,7.51444537997617e-29,416386.0,321988.0,263394.0,0.3591474509570938,6.069190587334465e-71
K562,ELF4,ENCSR638QHV_GCMTBCTGGGAAWTGTAGTYY,5076,230914,4893,230914,0.0,"[-12, -11, -10, -9, -8, -7, -6, -5, -1, 0, 1, 2, 5, 7]","[-87, -86, -82, -80, -74, -72, -67, -65, -64, -63, -62, -61, -50, -46, -44, -33, -32, -31, -30, -29, -28, -27, -26, -23, -22, -21, -20, -19, -18]","[8, 10, 11, 12, 13, 14, 15, 16, 17, 18, 19, 20, 21, 23, 24, 25, 26, 28, 29, 30, 31, 35, 38, 43, 44, 45, 47, 51, 52, 53, 69, 70, 76, 78, 85, 87, 88, 92, 94]",0.238859106810098,0.3684532472064799,0.3882460501318747,0.1607169912779061,0.0278769417010966,1.95,1.95,2.0,0.3327992041114846,6.308680231952294e-53,506022.0,682574.0,230579.0,0.3769846611459653,2.499431623715192e-21
K562,ETS1,ENCSR000BKQ_TGGGARTTGTAGTYC,2548,125057,2375,125057,0.0,"[-12, -11, -10, -9, -8, -7, -6, -5, -4, -3, -2, -1, 2, 4]","[-89, -88, -81, -78, -69, -66, -65, -64, -59, -58, -57, -56, -54, -52, -48, -47, -46, -42, -38, -37, -36, -35, -34, -33, -32, -31, -30, -29, -28, -27, -26, -25, -24, -23, -22]","[5, 6, 7, 8, 9, 10, 11, 12, 13, 14, 15, 16, 17, 18, 19, 20, 21, 22, 23, 24, 25, 26, 27, 28, 29, 30, 31, 32, 33, 34, 35, 37, 38, 39, 40, 44, 45, 46, 48, 49, 50, 51, 52, 81]",0.2617845874338004,0.3848018697333284,0.3959222122483598,0.1619251107428472,0.0350043961147768,0.7,-1.3,2.0,0.3851717630667581,3.950964060593102e-19,140615.0,147595.0,132960.0,0.3424786323750471,7.130539844055678e-09
K562,FOS,ENCSR000FAI_BYRRCCAATSRGAR,3610,104243,3608,104243,0.0,"[-6, -2, -1, 0, 12]","[-98, -97, -96, -95, -92, -91, -88, -87, -86, -85, -84, -83, -82, -81, -79, -77, -76, -75, -74, -73, -72, -71, -69, -68, -66, -65, -64, -63, -60, -59, -58, -57, -56, -55, -54, -53, -52, -51, -50, -49, -48, -46, -45, -44, -43, -42, -41, -40, -38, -37, -36, -35, -34, -29, -28, -27, -26, -25, -21, -20, -19, -18, -17, -16, -15, -14, -13, -12, -11, -10]","[16, 17, 18, 19, 20, 21, 22, 23, 24, 26, 27, 31, 32, 33, 34, 35, 36, 37, 38, 39, 40, 41, 43, 44, 45, 46, 47, 48, 49, 50, 51, 52, 53, 54, 55, 56, 57, 60, 61, 62, 63, 64, 65, 66, 67, 68, 69, 70, 71, 72, 73, 74, 75, 77, 78, 81, 82, 83, 84, 85, 86, 87, 91]",0.2769021781683077,0.3901770564799979,0.3726686964761356,0.2180569417462644,0.0821373582032283,2.0,0.85,2.0,0.2070148345343221,8.463656040987539e-21,532098.0,248604.0,244597.0,0.2753055334858299,7.578861332869231e-09
K562,FOXK2,ENCSR302AWT_BBSYTGTTTACATH,4744,137760,4643,137760,0.0,"[-10, 2]","[-73, -51, -50, -48, -45, -39, -36, -31, -29, -28, -27, -26, -25, -21, -20, -19, -18, -17, -16, -15, -14, -13, -12, -11]","[3, 4, 5, 6, 7, 8, 9, 10, 11, 12, 13, 14, 19, 20, 21, 22, 23, 24, 27, 28, 29, 30, 31, 34, 35, 36, 40, 46, 47, 53, 54, 68, 81, 94]",0.2800310971831121,0.3241635198761695,0.3680103275008031,0.1766092045386934,0.03015957262354,1.2999999999999998,-1.0831444142684454e-17,2.0,0.1356431007057181,1.061837896620322e-05,121276.0,79376.0,56217.0,0.26908045907166545,2.38942764747065e-05
K562,GABPA,ENCSR290MUH_CACTTCCGGBB,23613,70746,22945,70746,0.0,"[-7, -6, -5, -4, -3, -2, 5, 6, 7]","[-73, -71, -67, -64, -63, -62, -61, -60, -59, -58, -57, -56, -55, -54, -53, -52, -51, -50, -49, -48, -47, -46, -45, -44, -43, -42, -41, -40, -39, -38, -37, -36, -35, -34, -33, -32, -31, -30, -29, -28, -27, -26, -25, -24, -23, -22, -21, -20, -19, -18, -17, -16, -15, -14, -13, -12, -11, -10, -9, -8]","[8, 9, 10, 11, 12, 13, 14, 15, 16, 17, 18, 19, 20, 21, 22, 23, 24, 25, 26, 27, 28, 29, 30, 31, 32, 33, 34, 35, 36, 37, 38, 39, 40, 41, 42, 43, 44, 45, 46, 47, 48, 49, 50, 51, 53, 54, 55, 56, 62, 64]",0.2866897724026986,0.3208841944876318,0.3203663687156626,0.1652476195294572,0.0172758684151904,0.0,1.7,2.0,0.1777882759524557,1.1673217735173719e-15,395862.0,501825.0,374756.0,0.21168075678883166,3.1443620987529804e-29
K562,GMEB1,ENCSR928KOR_ACTACAWYTCCCAGVAKGCCCYGCG,8395,135738,7844,135738,1.2e-163,"[-11, -6, -5, 3, 4, 5, 6, 7, 8, 9, 11]","[-96, -91, -89, -83, -82, -80, -76, -75, -57, -55, -51, -49, -48, -47, -46, -44, -43, -41, -39, -35, -32, -31, -30, -29, -28, -27, -26, -24, -23, -22, -21, -20, -19, -18, -17, -16, -15, -14]","[12, 13, 14, 15, 16, 17, 18, 19, 20, 21, 22, 23, 24, 25, 26, 27, 28, 29, 30, 31, 32, 33, 34, 35, 36, 37, 38, 40, 41, 44, 45, 46, 47, 48, 51, 52, 57, 58, 59, 60, 63, 67, 68, 71, 73, 74, 83, 88, 100]",0.2489917882870941,0.3205213098576986,0.3155553581190248,0.1648886172986748,0.0233541357108554,2.0,1.4500000000000002,2.0,0.2164481323551162,1.2419611462097805e-22,594366.0,595022.0,317391.0,0.25157488259241273,2.341010811351148e-14
K562,IRF1,ENCSR000EGT_VRGGGGCGGGGCCN,21452,175139,19511,175139,0.0,"[-5, -4, -3, -2, -1, 0, 1, 2, 3, 4, 5, 6, 7]","[-82, -80, -72, -68, -67, -66, -65, -62, -61, -60, -59, -58, -57, -56, -55, -54, -51, -50, -49, -47, -46, -45, -44, -43, -42, -41, -40, -39, -38, -37, -36, -35, -34, -33, -32, -31, -30, -29, -28, -27, -26, -25, -24, -23, -22, -21, -20, -19, -18, -17, -16, -15, -14, -13, -12, -11, -10, -9, -8, -7, -6]","[8, 9, 10, 11, 12, 13, 14, 15, 16, 17, 18, 19, 20, 21, 22, 23, 24, 25, 26, 27, 28, 29, 30, 31, 32, 33, 34, 35, 36, 37, 38, 39, 40, 41, 42, 43, 44, 45, 46, 47, 48, 49, 50, 51, 52, 53, 54, 55, 57, 58, 61, 62, 63, 64, 65, 66, 70]",0.277787765239396,0.3532649699020106,0.3628786221340762,0.1913236878292634,0.0296590013432413,1.9,1.95,2.0,0.2465699347781073,4.397347602051776e-29,488734.0,486166.0,305926.0,0.2574581064518626,1.992657548982837e-27
K562,JUND,ENCSR000EGN_DGVRTGAGTCAYCDB,13680,98932,13637,98932,0.0,"[-10, -6, -4, 2, 4, 5, 6, 7, 9]","[-75, -70, -69, -68, -67, -66, -61, -60, -59, -58, -57, -56, -55, -54, -53, -52, -51, -50, -47, -46, -45, -44, -43, -42, -41, -40, -39, -38, -37, -36, -35, -34, -33, -32, -31, -30, -29, -28, -27, -26, -25, -24, -23, -22, -21, -20, -19, -18, -17, -16, -15, -14, -13, -12, -11]","[10, 11, 12, 13, 14, 15, 16, 17, 18, 19, 20, 21, 22, 23, 24, 25, 26, 27, 28, 29, 30, 31, 32, 33, 34, 35, 36, 37, 38, 39, 40, 41, 42, 43, 44, 45, 46, 47, 48, 49, 50, 52, 53, 54, 55, 56, 57, 58, 59, 60, 61, 62, 63, 64, 65, 66, 68, 69, 70, 71, 72, 73, 74, 76, 77, 78]",0.3054894856582477,0.3391112106254498,0.3309720850801414,0.172188118976591,0.0260379682750188,2.0,0.15,2.0,0.1332214095251387,2.5023804625610668e-09,174638.0,128845.0,127653.0,0.2020297224725095,1.0241381338717474e-13
K562,KLF16,ENCSR760UVO_BBCTTATCTSB,5153,133151,5080,133151,0.0,"[-5, -4, -3, -2, 7, 10, 12]","[-90, -87, -86, -74, -73, -72, -71, -70, -69, -68, -67, -66, -65, -62, -61, -60, -59, -58, -57, -56, -55, -54, -53, -52, -48, -47, -46, -45, -44, -43, -42, -41, -40, -39, -38, -37, -36, -35, -33, -32, -31, -30, -29, -28, -27, -26, -25, -24, -23, -22, -21, -20, -19, -18, -17, -16, -15, -14, -13, -12, -11, -10, -9, -8, -7, -6]","[13, 14, 15, 16, 17, 20, 21, 22, 23, 24, 25, 26, 27, 28, 29, 30, 31, 32, 33, 34, 35, 36, 37, 38, 39, 40, 41, 42, 43, 44, 45, 46, 47, 48, 49, 51, 52, 53, 54, 55, 56, 57, 58, 59, 60, 61, 62, 63, 64, 65, 66, 67, 68, 70, 71, 72, 73, 74, 75, 86]",0.3173250850301938,0.3726173357527964,0.3711303340359049,0.1795798276586101,0.0316382305838432,1.8999999999999997,0.9000000000000001,2.0,0.1871065383591386,3.8292225195720787e-17,242667.0,184974.0,183051.0,0.20219759023263512,6.444046229379968e-07
K562,MAFF,ENCSR000EGI_DWHNTGMTGASTCAGCAWWW,10152,160303,10120,160303,0.0,"[-8, -7, -6, -5, -4, -3, -2, -1, 0, 1, 4, 5, 6, 7, 8, 9, 10]","[-69, -68, -63, -57, -55, -54, -52, -51, -50, -49, -47, -46, -44, -43, -41, -40, -39, -38, -37, -36, -35, -34, -32, -31, -30, -29, -28, -27, -26, -25, -24, -23, -22, -21, -20, -19, -18, -17, -16, -15, -14, -13, -12, -11, -10]","[13, 14, 15, 16, 17, 18, 19, 20, 21, 22, 23, 24, 25, 26, 27, 28, 29, 30, 31, 32, 33, 34, 35, 36, 37, 38, 39, 40, 41, 42, 43, 44, 47, 48, 49, 50, 53, 54, 55, 56, 57, 61, 63, 64]",0.2258480273244787,0.3402292798556826,0.3558390026870532,0.1868071179856461,0.025887195867883,-0.2,0.4,2.0,0.2909223505018696,2.617072882700173e-40,139846.0,169003.0,127999.0,0.41149478604652173,7.27144655477214e-36
K562,MAFG,ENCSR818DQV_ATGACTCAGCADWTH,15251,145992,14755,145992,0.0,"[-12, -10, -9, -8, -7, -5, -4, 0, 1, 2, 3, 4, 5, 6]","[-67, -61, -60, -58, -56, -55, -54, -53, -51, -50, -49, -48, -47, -46, -45, -44, -43, -42, -41, -40, -39, -38, -37, -36, -35, -34, -33, -32, -31, -30, -29, -28, -27, -26, -25, -24, -23, -22, -21, -20, -19, -18, -17, -16, -15, -14, -13]","[8, 9, 10, 11, 12, 13, 14, 15, 16, 17, 18, 19, 20, 21, 22, 23, 24, 25, 26, 27, 28, 29, 30, 31, 32, 33, 34, 35, 36, 37, 38, 39, 40, 41, 43, 44, 45, 46, 48, 49, 50, 52, 54, 55, 56]",0.227985342274368,0.3471992417641817,0.343682865645164,0.1745957547202009,0.0240699407537198,0.4000000000000001,1.6,2.0,0.2636431645789466,3.730559073488736e-33,164135.0,181119.0,97693.0,0.36608649972762375,7.004801566943537e-43
K562,MAFK,ENCSR000EGX_GCTGASTCAGCAWWWWY,9669,157650,9570,157650,0.0,"[-12, -11, -10, -9, -8, -7, -6, -4, -3, 0, 1, 2, 3, 4, 5, 6]","[-81, -77, -72, -67, -61, -58, -57, -56, -55, -54, -53, -52, -51, -50, -48, -47, -45, -43, -42, -41, -40, -39, -38, -37, -36, -35, -34, -33, -32, -31, -30, -29, -28, -27, -25, -24, -23, -22, -21, -20, -19, -18, -17, -16, -15, -14, -13]","[8, 9, 10, 11, 12, 13, 14, 15, 16, 17, 18, 19, 20, 21, 22, 23, 24, 25, 26, 27, 28, 29, 30, 31, 32, 33, 34, 35, 36, 37, 38, 39, 40, 42, 44, 45, 46, 48, 49, 50, 51, 52, 54, 56, 59, 60, 61]",0.217483306976576,0.3306951034287946,0.3491616376669913,0.1747703388987167,0.0214364812506225,0.0,-0.8,2.0,0.2691744580583243,1.5364662645408504e-34,146616.0,148085.0,176806.0,0.36538634764047045,2.637629295024166e-28
K562,MAX,ENCSR000BLP_SCACGTGGYB,21079,92784,20929,92784,0.0,"[-6, -5, -4, -3, -2, 1, 2, 3, 4, 5]","[-64, -52, -51, -49, -47, -45, -44, -43, -42, -41, -40, -39, -38, -37, -36, -35, -34, -33, -32, -31, -30, -29, -28, -27, -26, -25, -24, -23, -20, -19, -18, -17, -16, -15, -14, -13, -12, -11, -10, -9]","[7, 8, 9, 10, 11, 12, 13, 14, 15, 16, 17, 18, 19, 20, 21, 22, 23, 24, 25, 26, 27, 28, 29, 30, 31, 32, 33, 34, 35, 36, 37, 39, 40, 41, 42, 43, 44, 45, 46, 47, 48, 49, 50, 51, 52, 58, 63, 70]",0.181322110644876,0.2680573917087325,0.2639333790399955,0.1617317817202519,0.0153026203472055,1.5,1.9,2.0,0.2314597758081797,9.8651585507718e-26,346747.0,365429.0,135180.0,0.30974855687981556,5.088747293392993e-50
K562,MEF2A,ENCSR000BNV_KCYAAAAATAGMHHH,1805,103434,1687,103434,0.0,"[-2, 4]","[-95, -93, -92, -91, -83, -81, -71, -70, -68, -67, -66, -58, -56, -48, -46, -45, -40, -39, -38, -37, -35, -34, -33, -32, -31, -29, -28, -27, -26, -25, -24, -23, -22, -21, -20, -18, -17, -16, -15, -14, -13, -12, -11, -10, -9, -8, -7, -6, -4, -3]","[5, 6, 7, 8, 9, 10, 11, 12, 13, 15, 16, 17, 18, 19, 20, 21, 22, 23, 24, 25, 26, 27, 28, 29, 30, 31, 32, 33, 34, 35, 36, 38, 39, 40, 43, 44, 46, 47, 48, 49, 50, 51, 52, 63, 65, 66, 67, 73, 74, 75, 76, 77, 80, 85, 93, 97, 100]",0.224615179345184,0.3241023596211403,0.3221123866209221,0.1763531140085567,0.0400197172446861,2.0,-1.0831444142684454e-17,2.0,0.1603286565246405,0.0071833629118757,24743.0,13571.0,8444.0,0.3044591473890681,0.0025617949849213797
K562,MITF,ENCSR797SWM_RGGTCACGTGAYB,16454,157919,16131,157919,0.0,"[-6, -5, -4, -3, -1, 0, 1, 2, 3, 4, 5, 6, 7]","[-68, -66, -57, -48, -47, -46, -44, -43, -42, -40, -39, -37, -36, -35, -34, -33, -32, -31, -29, -28, -27, -26, -25, -24, -23, -22, -21, -20, -19, -18, -17, -16, -15, -14, -13, -12, -11, -10, -9, -8]","[9, 10, 11, 12, 13, 14, 15, 16, 17, 18, 19, 20, 21, 22, 23, 24, 25, 26, 27, 28, 29, 32, 33, 34, 35, 36, 37, 38, 39, 40, 41, 43, 44, 45, 49, 50, 51, 52, 53, 58, 59, 60, 62, 63, 64, 66, 67, 68, 69, 79]",0.1433621013143044,0.3324832291004008,0.3196579553236051,0.1607306911504549,0.0207689756311011,0.5,2.0,2.0,0.414299792947696,8.548108867460925e-84,161091.0,298111.0,52487.0,0.5191701334579423,1.2706121943750583e-90
K562,NEUROD1,ENCSR986CDX_SYTCYBATTGGYY,3104,103966,3006,103966,1.3e-219,"[-12, -10, -7, -6, 2, 3, 4, 8, 9]","[-100, -99, -85, -84, -83, -82, -81, -80, -77, -76, -75, -73, -72, -71, -69, -68, -67, -66, -65, -64, -63, -62, -61, -60, -58, -56, -55, -54, -53, -52, -51, -50, -49, -48, -47, -46, -44, -43, -42, -41, -40, -39, -38, -37, -36, -35, -34, -33, -32, -31, -30, -29, -28, -27, -25, -24, -21, -20, -19, -18, -16, -15, -14, -13]","[10, 11, 12, 13, 14, 15, 16, 17, 18, 19, 20, 21, 22, 23, 25, 26, 27, 28, 29, 30, 31, 34, 37, 38, 39, 40, 41, 42, 43, 44, 45, 46, 47, 48, 50, 51, 52, 53, 54, 55, 56, 57, 58, 59, 60, 61, 62, 63, 64, 65, 66, 67, 68, 70, 71, 72, 73, 74, 75, 76, 77, 78, 79, 81, 83, 84, 85, 86, 87, 88, 89, 90, 91, 93, 94, 95, 96, 97, 98, 99, 100]",0.2869593744399077,0.3746490846511736,0.3888579540787154,0.1968600417654756,0.0480663944163822,2.0,1.55,2.0,0.186403886603044,4.286288924375485e-17,507174.0,452985.0,409510.0,0.20778443927619494,7.819230928704465e-05
K562,NFE2,ENCSR552YGL_ATGACTCAGCADWTT,15462,132603,15265,132603,0.0,"[-5, 1, 2, 3, 4, 5]","[-77, -67, -61, -60, -58, -56, -55, -54, -53, -52, -51, -50, -49, -48, -47, -46, -45, -44, -43, -42, -41, -40, -39, -38, -37, -36, -35, -34, -33, -32, -31, -30, -29, -28, -27, -26, -25, -24, -23, -22, -21, -20, -19, -18, -17, -16, -15, -14, -13]","[8, 9, 10, 11, 12, 13, 14, 15, 16, 17, 18, 19, 20, 21, 22, 23, 24, 25, 26, 27, 28, 29, 30, 31, 32, 33, 34, 35, 36, 37, 38, 39, 40, 41, 42, 43, 44, 45, 46, 49, 50, 54, 56]",0.165965583237666,0.3356963975883277,0.3372035430338566,0.1716574274618161,0.0283044831183848,0.2,1.45,2.0,0.3075191373588663,4.811880561895552e-45,110588.0,155174.0,69923.0,0.3644942850205803,6.551328516970909e-41
K562,NFE2L1,ENCSR632SHZ_TGACTCAGCARWTYY,3662,143134,2868,143134,0.0,"[-12, -11, -10, -9, -8, -7, -5, -3, -1, 0, 1, 2, 3, 4, 5]","[-82, -78, -75, -73, -68, -62, -61, -59, -57, -56, -55, -54, -53, -52, -51, -50, -49, -46, -45, -44, -43, -42, -41, -40, -39, -37, -36, -35, -34, -33, -32, -31, -30, -29, -28, -26, -25, -24, -23, -22, -21, -20, -19, -18, -17, -16, -15]","[8, 9, 10, 11, 12, 13, 14, 15, 16, 17, 18, 19, 20, 21, 22, 23, 24, 25, 26, 28, 29, 30, 31, 32, 33, 34, 35, 36, 37, 38, 39, 42, 43, 44, 45, 49]",0.218152670979643,0.366141218405728,0.39616854066071,0.1700930495224709,0.0391020818296178,0.0,-0.05,2.0,0.2659373854932577,1.0027372306193245e-33,152875.0,241745.0,168939.0,0.3402068048099955,1.365380337642347e-09
K562,NFIC,ENCSR796ITY_YTGGCWCYNTGCCAR,22316,240642,21817,240642,0.0,"[-9, -8, -7, -6, -5, -4, -3, -2, -1, 0, 1, 2, 3, 4, 5, 6, 7, 8, 9]","[-99, -77, -72, -63, -59, -57, -55, -54, -53, -52, -50, -49, -46, -45, -44, -43, -42, -41, -40, -38, -34, -33, -32, -31, -30, -29, -28, -27, -26, -25, -24, -23, -22, -21, -20, -19, -18, -17, -16, -15, -14, -13, -12, -11]","[12, 13, 14, 15, 16, 17, 18, 19, 20, 21, 23, 24, 25, 27, 28, 31, 32, 33, 34, 36, 37, 38, 41, 43, 53, 61, 68, 70, 75]",0.1595168357853024,0.2934104388814247,0.2818992818060173,0.1677239770733035,0.0157042155269148,0.5,0.1,2.0,0.2684471241628954,2.3471923879915296e-34,233868.0,216681.0,159113.0,0.3433780600772211,3.671634752016104e-53
K562,NFYA,ENCSR000EGR_BRRCCAATSRGMR,5513,103210,5385,103210,0.0,"[-3, -2, -1]","[-100, -99, -96, -94, -93, -91, -89, -87, -86, -85, -84, -83, -82, -80, -78, -77, -76, -75, -74, -70, -69, -66, -64, -61, -60, -59, -57, -56, -52, -50, -46, -45, -43, -42, -41, -39, -38, -37, -36, -35, -33, -32, -31, -30, -23, -22, -21, -20, -19, -18, -17, -16, -15, -14, -13, -12, -11, -10, -6, -5, -4]","[1, 2, 3, 4, 5, 6, 7, 8, 9, 10, 12, 16, 17, 18, 19, 20, 21, 22, 23, 25, 26, 27, 28, 30, 31, 32, 33, 34, 35, 36, 37, 38, 39, 40, 41, 42, 43, 44, 45, 46, 47, 48, 49, 50, 51, 52, 53, 54, 55, 56, 58, 59, 61, 64, 65, 66, 67, 69, 70, 72, 73, 74, 79, 80, 81, 82, 84, 85, 86, 88, 90, 91, 100]",0.2593901835230398,0.3977677988473516,0.3749854738097446,0.1711997451452723,0.0294475332281864,0.8,1.95,2.0,0.2938667035557182,3.950215517379923e-41,184291.0,330032.0,181308.0,0.2734746095726274,4.0916944426679205e-11
K562,NFYB,ENCSR000EGQ_RRCCAATSRGRRSBVNGDGS,12264,124976,12237,124976,0.0,"[-12, -7, -5, 2, 7, 9, 10]","[-100, -99, -98, -97, -96, -95, -94, -91, -90, -89, -88, -87, -86, -84, -82, -81, -80, -79, -78, -77, -76, -75, -74, -73, -72, -71, -70, -69, -68, -67, -66, -65, -64, -63, -62, -61, -60, -59, -58, -57, -56, -55, -54, -53, -50, -49, -47, -46, -45, -44, -43, -42, -41, -40, -39, -38, -37, -36, -35, -34, -33, -32, -31, -30, -29, -28, -27, -26, -25, -24, -23, -22, -21, -20, -19, -18, -17, -16, -15, -14, -13]","[11, 12, 13, 14, 15, 16, 17, 18, 19, 20, 21, 22, 23, 24, 25, 26, 27, 28, 29, 30, 31, 32, 33, 34, 35, 36, 37, 38, 39, 40, 41, 42, 43, 44, 45, 46, 47, 48, 49, 50, 51, 52, 53, 54, 55, 56, 57, 58, 59, 60, 61, 62, 63, 64, 65, 66, 67, 68, 69, 70, 71, 72, 73, 74, 76, 77, 80, 81, 84, 85, 86, 87, 91, 96]",0.3125058598971268,0.3761260694597224,0.3512075794368862,0.17125413196335,0.0293182279251795,0.6999999999999998,1.9,2.0,0.3081932097186512,2.889177476061881e-45,230455.0,245902.0,215674.0,0.37697503341365307,1.3549818857219653e-36
K562,NR2C1,ENCSR178DEG_BGMCCCGGAAGYRVW,5351,124814,5135,124814,0.0,"[-11, -8, -7, -6, -5, -4, 3, 5, 7, 8]","[-68, -66, -65, -62, -61, -60, -59, -58, -57, -56, -55, -54, -53, -52, -51, -50, -49, -48, -47, -46, -45, -44, -43, -42, -41, -39, -38, -37, -36, -35, -34, -33, -32, -28, -27, -25, -24, -22, -19, -18, -17, -16, -15, -14, -13, -12]","[9, 10, 11, 12, 13, 14, 15, 16, 17, 18, 19, 20, 21, 22, 23, 24, 25, 26, 27, 28, 29, 30, 31, 32, 36, 37, 38, 39, 40, 41, 42, 43, 44, 45, 46, 48, 49, 52, 53, 54, 55, 57, 58, 59, 62, 64, 69, 70, 83, 85, 88]",0.2781625569637931,0.344851200552714,0.3186141401129153,0.1767627355455218,0.0317830747010769,1.7,1.45,2.0,0.19333787069248,2.7533621284837254e-18,531107.0,404524.0,328960.0,0.22085777559564787,3.644550612403884e-08
K562,NR2F2,ENCSR000BRS_CTTATCTS,4635,107287,4614,107287,1.1e-290,"[-5, -4, -3, -2]","[-96, -87, -86, -80, -76, -75, -73, -72, -68, -67, -62, -61, -59, -58, -57, -55, -54, -53, -52, -49, -48, -47, -46, -45, -44, -42, -40, -39, -38, -37, -36, -35, -33, -32, -31, -30, -29, -28, -27, -25, -24, -23, -22, -21, -20, -19, -18, -17, -16, -15, -14, -13, -12, -11, -10, -9, -8, -7, -6]","[1, 3, 4, 5, 6, 7, 8, 9, 11, 12, 13, 14, 16, 18, 19, 20, 21, 22, 23, 24, 25, 26, 27, 28, 29, 30, 31, 32, 34, 35, 39, 41, 42, 44, 46, 47, 48, 49, 50, 51, 52, 53, 54, 55, 56, 57, 58, 59, 60, 61, 62, 63, 64, 65, 66, 67, 68, 69, 70, 71, 73, 74, 75, 76, 77, 79, 86, 90]",0.2856726443577745,0.3686191669887266,0.3758894050991222,0.2078582973591528,0.0555081264487894,1.6999999999999995,1.3,2.0,0.2240559064627459,3.5585231133264894e-24,278857.0,129239.0,111529.0,0.2766044459484179,4.600959008261885e-11
K562,NR2F6,ENCSR707QWA_RRGGBCARAGGTCAN,7156,129382,6806,129382,0.0,"[0, 1, 2, 3, 4, 5, 6, 8, 9, 11]","[-93, -92, -90, -88, -84, -75, -67, -57, -55, -49, -47, -46, -45, -43, -40, -39, -35, -33, -31, -30, -28, -27, -26, -25, -24, -23, -22, -21, -20, -19, -18, -17, -15, -14, -13, -11, -10, -9, -8, -7, -6, -5]","[12, 13, 14, 15, 16, 17, 18, 19, 21, 22, 23, 25, 26, 27, 28, 29, 30, 31, 32, 33, 34, 35, 38, 39, 40, 41, 42, 44, 45, 47, 48, 49, 50, 51, 53, 54, 55, 57, 60, 61, 62, 69, 70]",0.201559727618567,0.3157315889197253,0.3101538182901889,0.1665241508154704,0.0220169314827775,2.0,1.9,2.0,0.186381780147232,4.323502149099767e-17,301767.0,236694.0,106433.0,0.2770292566547146,2.472246822088818e-12
K562,NRF1,ENCSR998AJK_BGCGCATGCGCASDG,47193,67035,46700,67035,0.0,"[-10, -9, -8, -7, -6, -5, -4, -3, -2, -1, 0, 1, 2, 3, 4, 5, 6, 7]","[-93, -92, -91, -90, -89, -84, -83, -82, -80, -79, -78, -76, -75, -74, -72, -71, -70, -69, -68, -67, -66, -65, -64, -63, -62, -61, -60, -59, -58, -57, -56, -55, -54, -53, -52, -51, -50, -49, -48, -47, -46, -45, -44, -43, -42, -41, -40, -39, -38, -37, -36, -35, -34, -33, -32, -31, -30, -29, -28, -27, -26, -25, -24, -23, -22, -21, -20, -19, -18, -17, -16, -15, -14, -13, -12]","[10, 11, 12, 13, 14, 15, 16, 17, 18, 19, 20, 21, 22, 23, 24, 25, 26, 27, 28, 29, 30, 31, 32, 33, 34, 35, 36, 37, 38, 39, 40, 41, 42, 43, 44, 45, 46, 47, 48, 49, 50, 51, 52, 53, 54, 55, 56, 57, 58, 59, 60, 61, 62, 63, 64, 65, 66, 67, 68, 69, 71, 72, 73, 75, 76, 77, 79, 80, 81, 84, 86, 88, 90]",0.1799460817370443,0.2957060043692721,0.2946188992225109,0.1710001300269191,0.0130552840789535,0.6,1.9,2.0,0.354223006331898,3.4024705273267233e-60,534620.0,673451.0,290278.0,0.3253348588449603,1.2972732175959435e-93
K562,PKNOX1,ENCSR115SMW_TGAKTGRCAGSBV,13682,141244,13610,141244,0.0,"[-3, -1]","[-72, -71, -70, -69, -68, -66, -63, -62, -61, -60, -59, -58, -57, -56, -55, -54, -53, -52, -51, -50, -49, -47, -45, -44, -40, -39, -38, -37, -36, -35, -33, -32, -31, -30, -29, -28, -27, -26, -25, -24, -23, -22, -21, -20, -19, -18, -17, -16, -15, -14, -13, -12, -11, -10, -9, -8, -7, -6, -5, -4]","[0, 1, 2, 3, 4, 5, 6, 7, 8, 9, 10, 11, 12, 13, 14, 15, 16, 17, 18, 19, 20, 23, 24, 25, 26, 27, 28, 30, 31, 32, 33, 34, 35, 36, 38, 39, 40, 47, 48, 49, 50, 51, 52, 53, 54, 55, 57, 58, 60, 64, 65, 68, 69, 72, 80]",0.2483925433051934,0.3153977035730941,0.3095444329591936,0.1838615357808787,0.0338930659086776,2.0,-1.0831444142684454e-17,2.0,0.1672711777117713,3.650708917084001e-06,108273.0,63712.0,41164.0,0.26175406762271597,1.172902987781493e-09
K562,REST,ENCSR137ZMQ_TCAGCACCAYGGACA,6835,192496,6668,192496,0.0,"[-9, -8, -7, -5, -4, -3, -2, -1, 0, 1, 2, 4, 5, 6, 7, 8, 9, 10, 11, 12]","[-93, -76, -74, -73, -71, -70, -69, -68, -67, -66, -65, -62, -61, -59, -58, -57, -56, -55, -54, -53, -51, -48, -47, -46, -45, -44, -41, -39, -38, -37, -35, -34, -33, -32, -31, -28, -26, -25, -24, -23, -22, -21, -19, -18, -17, -16, -14, -13, -12]","[16, 17, 18, 19, 20, 21, 22, 24, 25, 26, 27, 28, 30, 31, 32, 33, 34, 35, 36, 39, 40, 41, 48, 49, 50, 51, 55, 57, 58, 59, 60, 61, 63, 66, 68, 69, 72]",0.1683388481903277,0.2596639206777912,0.2698545617266139,0.1722134451966709,0.0258581854041395,0.5,0.75,2.0,0.2368332004826416,6.74897167622511e-27,316326.0,218570.0,209303.0,0.2817788485478611,2.6063581378919374e-13
K562,RFX1,ENCSR041AXL_GTYDCCATGGCAACV,11292,117792,10995,117792,0.0,"[-7, -6, 4, 5, 6, 7]","[-95, -84, -78, -71, -69, -63, -62, -61, -59, -58, -57, -53, -52, -48, -47, -46, -45, -44, -42, -41, -40, -39, -38, -37, -36, -35, -34, -33, -32, -30, -29, -28, -27, -26, -25, -24, -23, -22, -21, -20, -19, -18, -17, -16, -15, -14, -13, -12, -11, -10, -9]","[9, 10, 11, 12, 13, 14, 15, 16, 17, 18, 19, 20, 21, 22, 23, 24, 25, 26, 27, 28, 29, 30, 31, 32, 33, 34, 35, 36, 37, 38, 40, 41, 42, 48, 49, 55, 58, 60, 61, 62, 70, 71, 72, 73, 76, 77, 81, 82, 94]",0.2303701945029172,0.2992993760726322,0.2860330476098675,0.1681595072160792,0.0190622524151074,2.0,1.85,2.0,0.2180448887217128,6.573603903745336e-23,230554.0,225714.0,132751.0,0.3127735706286204,3.4230235333216153e-22
K562,SIX5,ENCSR000BGX_RACTACAWYTCCCAGVAKGCMYY,2295,171706,2261,171706,0.0,"[-9, -7, -4, -3, -2, -1, 0, 1, 2, 3, 4, 5, 6, 7, 8, 9, 10, 11, 12]","[-57, -56, -55, -54, -53, -50, -49, -43, -42, -40, -39, -38, -37, -36, -35, -34, -32, -30, -29, -28, -25, -23, -22, -21, -20, -19, -18, -17, -16, -15, -14, -13, -12, -11]","[17, 18, 19, 20, 21, 22, 23, 24, 25, 26, 27, 28, 29, 30, 32, 33, 41, 42, 43, 47, 49, 51, 52, 53, 59, 60, 61, 64, 70, 73, 75, 76, 83, 84, 85]",0.239923714652293,0.3960374158947071,0.39178598091943,0.1810375797500192,0.0399098948128541,2.0,1.1,2.0,0.2029625872808789,4.76853161259642e-06,151914.0,177704.0,102653.0,0.25640973810493795,1.1696556318861428e-05
K562,SMAD1,ENCSR038DJJ_YTGGCMVRSWGCCARRDN,2147,174809,1978,174809,4e-260,"[-12, -11, -10, -9, -8, -7, -6, -5, -4, -3, -2, -1, 0, 1, 2, 3, 4, 5, 6, 7, 8, 9]","[-98, -96, -86, -84, -83, -82, -73, -70, -69, -68, -65, -62, -61, -53, -52, -51, -49, -47, -46, -44, -42, -41, -39, -38, -37, -36, -35, -34, -33, -32, -31, -30, -29, -28, -27, -26, -25, -24, -21, -20, -19, -18, -16, -15, -14, -13]","[10, 11, 12, 13, 14, 15, 16, 17, 18, 19, 20, 21, 22, 24, 26, 27, 28, 29, 30, 31, 33, 34, 38, 39, 41, 43, 53, 80]",0.1106496312448888,0.3761633762662207,0.3991566777407919,0.1576030017533326,0.0304519827563374,1.0,0.3,2.0,0.3934242439561278,5.87164668394746e-20,103022.0,102904.0,60076.0,0.5235130644800667,2.5723018285040847e-16
K562,SOX6,ENCSR788RSW_BTKBNNNNNDVAGATAAGVN,9778,116297,9544,116297,2.4e-320,"[3, 7]","[-85, -76, -72, -71, -70, -69, -68, -67, -66, -65, -63, -62, -61, -60, -59, -58, -57, -56, -55, -54, -53, -52, -51, -50, -49, -48, -47, -46, -45, -44, -43, -42, -41, -40, -39, -38, -37, -36, -35, -34, -33, -32, -31, -30, -29, -28, -27, -26, -25, -24, -23, -22, -21, -20, -19, -18, -17, -16, -15, -14, -13, -12, -11, -10, -9, -8, -6, -5, -4, -3, -2, -1, 0, 2]","[8, 9, 11, 12, 13, 14, 15, 16, 17, 18, 19, 20, 21, 22, 23, 24, 25, 26, 27, 28, 29, 30, 31, 32, 33, 34, 35, 36, 37, 38, 39, 40, 41, 42, 43, 44, 45, 46, 47, 48, 49, 50, 51, 52, 53, 54, 57, 58, 59, 60, 62, 63, 64, 65, 66, 67, 68, 70, 72, 73, 74, 76, 79, 80, 81, 82, 92]",0.2465678334705067,0.3617621635495397,0.3503560983004122,0.1796355037400168,0.0265057792028375,1.2999999999999998,-1.0831444142684454e-17,2.0,0.157947709475743,3.804926024869879e-06,66231.0,53532.0,29996.0,0.23966696737363152,2.8420789147802225e-07
K562,SP1,ENCSR991ELG_SARMTCTCGCGAGAV,4001,40164,3769,40164,0.0,"[-7, -6, -5, -4, -3, -2, 0, 5, 6, 7, 8, 9, 10]","[-80, -67, -64, -62, -57, -56, -55, -54, -53, -52, -51, -48, -46, -45, -44, -43, -42, -41, -39, -38, -37, -36, -35, -34, -33, -32, -31, -30, -29, -28, -27, -26, -25, -24, -23, -22, -21, -20, -19, -18, -17, -16, -15, -14, -13, -12, -11, -10, -9, -8]","[11, 12, 13, 14, 15, 16, 17, 18, 19, 20, 21, 22, 23, 24, 25, 26, 27, 28, 29, 30, 31, 32, 33, 34, 35, 36, 37, 38, 39, 40, 41, 42, 43, 44, 45, 46, 47, 48, 49, 50, 51, 53, 54, 55, 56, 57, 59, 60, 62, 65, 67, 69, 70, 71, 72, 73, 74]",0.2712535810924091,0.3672758449027544,0.3672447826992399,0.1906653948370848,0.0453256180189761,1.9,1.6,2.0,0.3120072236484633,2.089378276359314e-46,716939.0,445577.0,362001.0,0.3312051777690881,1.2839198752583215e-11
K562,SP2,ENCSR000BNL_SSGGCCKCTCTAGSMNSC,1172,241180,1165,241180,1.6e-235,"[-12, -8, -7, -6, -5, -4, -3, -2, 2, 3, 4, 5, 6, 7, 8, 9]","[-94, -93, -89, -88, -83, -82, -74, -65, -62, -54, -53, -52, -49, -48, -44, -43, -42, -41, -39, -36, -35, -33, -31, -30, -29, -28, -27, -26, -25, -24, -22, -21, -20, -19, -18, -17, -16, -15, -14]","[10, 11, 12, 13, 14, 15, 16, 17, 18, 19, 20, 21, 22, 23, 24, 25, 26, 28, 29, 30, 32, 33, 34, 38, 39, 45, 46, 47, 52, 83]",0.2614373775783521,0.3636785104864528,0.3642324221957022,0.172385928894787,0.0361316140549587,-1.0,1.7,2.0,0.2814114805107408,1.4867755645086822e-10,77527.0,230203.0,109158.0,0.4662810660836237,6.39131522678381e-09
K562,SRF,ENCSR000BLK_TTDCCWTATATGGKCWDRD,1745,114380,1740,114380,0.0,"[-12, -10, -8, -1, 7, 9, 10]","[-85, -83, -76, -62, -61, -59, -58, -57, -50, -48, -46, -42, -41, -40, -39, -38, -37, -35, -34, -33, -31, -30, -29, -28, -27, -26, -24, -23, -22, -21, -20, -19, -18, -16, -15, -14, -13]","[11, 12, 13, 14, 15, 16, 17, 18, 20, 21, 23, 24, 27, 28, 30, 32, 35, 36, 37, 38, 44, 45, 48, 50, 54, 55, 56, 57, 59, 73, 75, 82]",0.2532692536075901,0.32541263282854,0.3229572309882829,0.1895570162016591,0.0398973231970825,1.9,-0.3999999999999999,2.0,0.1359272441199899,0.0035255951916914,60955.0,29997.0,36647.0,0.22324603761578835,0.007152982968893302
K562,STAT1,ENCSR000EHJ_RYTTCCNGGAAATSR,2030,179854,2009,179854,0.0,"[-11, -9, -8, -7, -6, -5, -4, -3, -2, -1, 0, 1, 2, 3, 4, 5, 6, 7, 9]","[-100, -95, -93, -91, -90, -89, -84, -79, -75, -74, -73, -72, -71, -70, -69, -66, -65, -64, -60, -59, -58, -57, -56, -55, -54, -52, -50, -49, -48, -47, -44, -43, -42, -41, -39, -38, -37, -36, -35, -34, -33, -32, -31, -28, -27, -26, -25, -20, -14, -13]","[11, 12, 22, 24, 25, 26, 29, 30, 31, 32, 33, 34, 35, 36, 37, 38, 39, 40, 41, 42, 43, 45, 46, 47, 48, 50, 52, 53, 54, 55, 56, 57, 58, 62, 63, 64, 67, 68, 69, 70, 71, 72, 73, 75, 77, 78, 86, 87, 88, 89, 91, 93, 98]",0.1876361308722944,0.3481982657034382,0.3525890554505861,0.1980388075621145,0.0495014980110484,0.8,2.0,2.0,0.2032310672914954,4.629733228306714e-06,103544.0,91975.0,33539.0,0.26580906230220697,1.4004743220984788e-05
K562,STAT5A,ENCSR000BRR_TTCYHRGAAMTGRRR,3677,107539,3608,107539,2.9e-301,"[-11, -10, -9, -8, -7, -6, -5, -4, -3, -2, -1, 0, 1, 2, 3, 4, 6]","[-100, -98, -96, -93, -91, -87, -82, -81, -77, -76, -75, -72, -70, -68, -67, -66, -64, -63, -61, -60, -58, -57, -56, -55, -54, -53, -52, -51, -50, -49, -48, -46, -45, -44, -43, -42, -41, -40, -39, -38, -37, -36, -35, -33, -31, -30, -29, -22, -21, -20, -19, -18, -17, -16, -15]","[8, 10, 12, 13, 14, 16, 20, 21, 22, 23, 25, 26, 27, 28, 29, 30, 31, 32, 33, 34, 35, 36, 37, 38, 39, 40, 41, 42, 43, 44, 45, 46, 47, 48, 49, 50, 51, 54, 55, 56, 58, 60, 61, 62, 63, 64, 65, 66, 70, 72, 73, 75, 76, 84, 85, 91, 92]",0.1887296489232585,0.3646364251492827,0.3906593676432164,0.203949106907177,0.0655945590594145,0.9,0.8500000000000001,2.0,0.4486040461854293,1.2874272600847634e-99,434508.0,276816.0,129744.0,0.6018493050383829,6.3461742315402065e-49
K562,TAL1,ENCSR000EHB_CTGSNNNNNDSAGATAAGV,11732,112580,11532,112580,0.0,"[-11, 3, 7, 8, 9]","[-88, -81, -80, -78, -76, -75, -74, -72, -71, -70, -69, -68, -67, -63, -62, -61, -59, -58, -57, -56, -55, -54, -53, -52, -51, -50, -49, -47, -46, -45, -44, -43, -42, -41, -40, -39, -38, -37, -36, -35, -34, -33, -32, -31, -30, -29, -28, -27, -26, -25, -24, -23, -22, -21, -20, -19, -18, -17, -16, -15, -14, -12]","[10, 11, 12, 13, 14, 15, 16, 17, 18, 19, 20, 21, 22, 23, 24, 25, 26, 27, 28, 29, 30, 31, 32, 33, 34, 35, 36, 37, 38, 39, 40, 41, 42, 43, 44, 45, 46, 47, 48, 49, 50, 51, 52, 53, 54, 55, 56, 57, 58, 59, 60, 61, 62, 63, 64, 65, 66, 67, 69, 70, 71, 72, 73, 74, 75, 76, 83, 84, 92]",0.3062406762214273,0.3717223903468981,0.3608164649324876,0.180236730373927,0.0240788862214777,1.8,1.25,2.0,0.2415731460607829,3.1782053413253057e-26,158308.0,127353.0,106245.0,0.3189198619009676,4.786395563756881e-29
K562,TCF12,ENCSR744WOO_TGBNNNNNNSAGATAAG,10684,125285,10588,125285,0.0,"[5, 7]","[-97, -90, -89, -82, -81, -80, -79, -78, -76, -75, -74, -73, -72, -71, -70, -69, -68, -67, -66, -65, -64, -63, -62, -61, -60, -59, -58, -57, -56, -55, -54, -53, -52, -51, -50, -49, -48, -47, -46, -45, -44, -43, -42, -41, -40, -39, -38, -37, -36, -35, -34, -33, -32, -31, -30, -29, -28, -27, -26, -25, -24, -23, -22, -21, -20, -19, -18, -17, -16, -15, -14, -12, -10, -9, -8, -7, -6, -5, -4, -3, -2, -1, 0, 1, 2, 3, 4]","[8, 9, 10, 11, 12, 13, 14, 15, 16, 17, 18, 19, 20, 21, 22, 23, 24, 25, 26, 27, 28, 29, 30, 31, 32, 33, 34, 35, 36, 37, 38, 39, 40, 41, 42, 43, 44, 45, 46, 47, 48, 49, 50, 51, 52, 53, 54, 57, 58, 59, 60, 62, 63, 64, 66, 67, 68, 70, 71, 72, 73, 74, 75, 76, 78, 85]",0.2493743365100983,0.3645097681928428,0.3560940142250793,0.1734238020652955,0.0222137265906722,2.0,-1.0831444142684454e-17,2.0,0.2896102622547963,3.9013509043218546e-17,51661.0,48851.0,24122.0,0.3218061513930594,1.9058916747273873e-12
K562,TEAD4,ENCSR000BRK_YTGBNNNNNNSAGATAAG,10547,108492,10517,108492,0.0,"[-12, -10, 8, 9, 10]","[-80, -75, -73, -71, -70, -69, -68, -67, -66, -65, -64, -62, -61, -60, -58, -57, -56, -55, -54, -53, -52, -51, -50, -49, -48, -46, -45, -44, -43, -42, -41, -40, -39, -38, -37, -36, -35, -34, -33, -32, -31, -30, -29, -28, -27, -26, -25, -24, -23, -22, -21, -20, -19, -18, -17, -16, -15, -14, -13]","[11, 12, 13, 14, 15, 16, 17, 18, 19, 20, 21, 22, 23, 24, 25, 26, 27, 28, 29, 30, 31, 32, 33, 34, 35, 36, 37, 38, 39, 40, 41, 42, 43, 44, 45, 46, 47, 48, 49, 50, 51, 52, 53, 54, 55, 56, 58, 59, 60, 61, 62, 63, 64, 65, 66, 67, 68, 69, 70, 71, 72, 73, 74, 75, 76, 77, 84, 93]",0.3102843619177961,0.3767445920812965,0.3639912969829975,0.1787435415405519,0.0257723121158513,1.7,0.9,2.0,0.151352703425087,2.5966974895941574e-11,183357.0,155646.0,131522.0,0.22949256056517597,1.9518625227802267e-15
K562,USF1,ENCSR000BKT_BSBSSYCACGTGACC,15169,135160,15159,135160,0.0,"[-5, -4, -3, -2, -1, 0, 1, 2, 3, 4, 5, 6, 7, 8]","[-77, -73, -72, -67, -66, -65, -64, -62, -61, -60, -59, -58, -57, -51, -49, -48, -47, -46, -45, -44, -43, -42, -41, -40, -39, -38, -37, -36, -35, -34, -33, -32, -31, -30, -29, -28, -27, -26, -25, -24, -23, -22, -21, -20, -19, -18, -17, -16, -15, -14, -13, -12, -11, -10, -9, -8, -7]","[10, 11, 12, 13, 14, 15, 16, 17, 18, 19, 20, 21, 22, 23, 24, 25, 26, 27, 28, 29, 30, 31, 32, 33, 34, 35, 36, 37, 38, 39, 40, 41, 42, 44, 45, 46, 47, 48, 49, 50, 51, 52, 54, 55, 59, 60, 61, 62, 63, 64, 65, 67, 68, 70]",0.1506637895522185,0.3206060231367477,0.3212932876102045,0.1712409741867267,0.0246517736203843,1.1,1.9,2.0,0.4342136855931401,9.332309848876823e-93,272699.0,329140.0,94870.0,0.556034760681006,3.677455878267863e-124
K562,USF2,ENCSR359NFW_SSBSRYCACGTGACC,12839,123145,11500,123145,0.0,"[-5, -4, -3, -2, -1, 0, 1, 2, 3, 4, 5, 6, 7, 8]","[-82, -67, -66, -65, -64, -62, -61, -60, -59, -58, -57, -52, -51, -50, -49, -48, -47, -46, -45, -44, -43, -42, -41, -40, -39, -38, -37, -36, -35, -34, -33, -32, -31, -30, -29, -27, -26, -25, -24, -23, -22, -21, -20, -19, -18, -17, -16, -15, -14, -13, -12, -11, -10, -9, -8, -7]","[10, 11, 12, 13, 14, 15, 16, 17, 18, 19, 20, 21, 22, 23, 24, 25, 26, 27, 28, 29, 30, 31, 32, 33, 34, 35, 36, 37, 38, 39, 40, 41, 42, 43, 44, 45, 46, 47, 48, 49, 50, 51, 52, 54, 58, 59, 60, 61, 62, 63, 65, 67, 68, 69, 70]",0.127182950990461,0.3227462299305768,0.3265576406062499,0.167083772533947,0.0186873037155194,0.9,1.75,2.0,0.40699848304884,1.172174664157301e-80,250854.0,479234.0,102111.0,0.47721353165561825,1.5394177276974425e-68
K562,YY1,ENCSR000BMH_GSSGCCGCCATCTTG,11678,161956,11588,161956,0.0,"[-5, -4, -3, -1, 1, 2]","[-47, -36, -29, -28, -27, -26, -24, -23, -22, -21, -20, -19, -18, -17, -16, -15, -14, -13, -12, -11, -10, -9, -8, -7, -6]","[3, 4, 5, 7, 8, 9, 10, 11, 12, 13, 14, 15, 16, 17, 18, 19, 20, 21, 22, 23, 24, 25, 26, 27, 28, 29, 30, 31, 32, 33, 34, 35, 36, 37, 38, 39, 40, 46, 47, 49, 55, 56, 61, 72, 88]",0.2374870714726369,0.3126805141253655,0.3156478016253873,0.1669966420596751,0.0217229652022956,0.5,1.65,2.0,0.1983343858277524,3.4494160312699603e-19,337235.0,412310.0,218362.0,0.2872046784213894,7.636526651191407e-26
K562,ZBTB2,ENCSR230PTV_GCGCATGCGCASWR,10764,79266,10394,79266,0.0,"[-10, -9, -8, -7, -6, -5, -4, -3, -2, -1, 0, 1, 2, 3, 4, 5, 6, 7]","[-100, -99, -93, -92, -91, -90, -89, -87, -85, -84, -83, -82, -81, -80, -79, -78, -76, -75, -74, -72, -71, -70, -69, -68, -67, -66, -65, -64, -63, -62, -61, -60, -59, -58, -57, -56, -55, -54, -53, -52, -51, -50, -49, -48, -47, -46, -45, -44, -43, -42, -41, -40, -39, -38, -37, -36, -35, -34, -32, -30, -29, -28, -27, -26, -25, -24, -23, -22, -21, -20, -19, -17, -16, -15, -14, -13]","[10, 11, 12, 13, 16, 17, 18, 19, 20, 21, 22, 23, 24, 25, 26, 27, 29, 31, 32, 33, 34, 35, 36, 37, 38, 39, 40, 41, 42, 43, 44, 46, 47, 48, 49, 50, 51, 52, 53, 54, 55, 56, 57, 58, 59, 60, 61, 62, 63, 64, 65, 66, 67, 68, 69, 70, 71, 72, 73, 74, 75, 76, 77, 78, 79, 80, 81, 82, 84, 85, 86, 87, 88, 89, 90, 91, 93, 94, 96, 100]",0.1290980062577288,0.326188167913563,0.3280856077873049,0.2018736076781838,0.0279582455928071,0.3,1.95,2.0,0.3890430001940187,2.870715167747514e-73,454896.0,1196126.0,188219.0,0.3936204537199671,4.4360927071475847e-51
K562,ZBTB40,ENCSR237VLT_CACTTCCGGYBSSBS,14256,115766,14228,115766,0.0,"[-7, -5, -4, 3, 4]","[-80, -78, -75, -73, -72, -69, -68, -67, -66, -65, -64, -63, -62, -61, -60, -59, -58, -57, -56, -55, -54, -53, -52, -51, -50, -49, -48, -47, -46, -45, -44, -43, -42, -41, -40, -39, -38, -37, -36, -35, -34, -33, -32, -31, -30, -29, -28, -27, -26, -25, -24, -23, -22, -21, -20, -19, -18, -17, -16, -15, -14, -13, -12, -11, -10, -9, -8]","[5, 6, 7, 8, 9, 10, 11, 12, 13, 14, 15, 16, 17, 18, 19, 20, 21, 22, 23, 24, 25, 26, 27, 28, 29, 30, 31, 32, 33, 34, 35, 36, 37, 38, 39, 40, 41, 42, 43, 44, 45, 46, 47, 48, 49, 50, 51, 52, 53, 54, 60, 62, 63, 68]",0.278672513248472,0.3219791996339526,0.3223938997985757,0.185689046794519,0.0239029287483512,1.8,1.65,2.0,0.2209222945152117,5.388279858023766e-23,470553.0,373901.0,288680.0,0.23679427381425106,1.5893176097792496e-22
K562,ZEB2,ENCSR004GKA_GCMTBCTGGGARTTGTAGT,4261,129377,4196,129377,0.0,"[-12, -11, -10, -9, -8, -7, -6, -5, -4, -3, 0, 2, 3, 7]","[-91, -87, -86, -85, -84, -77, -73, -71, -66, -65, -63, -62, -60, -55, -53, -52, -51, -49, -48, -46, -44, -43, -42, -41, -40, -39, -38, -36, -34, -33, -32, -31, -30, -29, -28, -27, -26, -25, -24, -23, -22, -21, -20, -19, -18, -17]","[9, 10, 11, 12, 13, 14, 15, 16, 17, 18, 19, 20, 21, 22, 23, 25, 26, 27, 29, 32, 33, 35, 36, 37, 38, 39, 44, 48, 49, 51, 52, 53, 54, 55, 56, 60, 74, 85]",0.2492056045205641,0.3415516435137314,0.3674533177718871,0.161598665852153,0.0294096266158198,0.6,1.65,2.0,0.3469223311831682,1.1826675081591392e-57,429899.0,588236.0,272674.0,0.3859202242493364,1.3343114297442208e-18
K562,ZKSCAN8,ENCSR448UKK_TTTATTGAGCRCCTACTGTAT,2837,155703,1234,155703,0.0,"[-4, -2, 4, 5]","[-100, -97, -96, -95, -94, -86, -85, -81, -80, -79, -64, -60, -59, -58, -55, -54, -53, -52, -49, -48, -46, -45, -43, -40, -31, -28, -26, -25, -17, -16, -15, -14, -12, -8, -5]","[6, 7, 8, 12, 15, 19, 21, 22, 28, 33, 35, 39, 41, 42, 43, 48, 61, 64, 70, 76, 85, 93, 94]",0.139403715766711,0.3113218844930043,0.2703416235894235,0.1733616931643587,0.0335759948022219,-0.8500000000000001,1.65,2.0,0.1397888827145103,0.0045215322830159,12978.0,50098.0,14662.0,0.2211336183637637,0.02551315266606631
K562,ZNF143,ENCSR000EGP_KGCMTKCTGGGARWTGTAGTY,4869,200241,4838,200241,0.0,"[-12, -11, -10, -9, -8, -7, -6, -5, -4, -3, -2, -1, 0, 1, 2, 3, 6, 7, 8]","[-77, -74, -73, -72, -71, -66, -62, -61, -60, -56, -54, -53, -52, -51, -50, -48, -43, -42, -41, -40, -37, -34, -33, -32, -31, -30, -29, -28, -27, -26, -25, -24, -23, -22, -21, -20, -19, -18]","[10, 11, 12, 13, 14, 15, 16, 17, 18, 19, 20, 21, 22, 24, 26, 27, 28, 29, 33, 34, 35, 36, 38, 39, 42, 48, 49, 50, 51, 54, 55, 85]",0.2324773401607474,0.3997585572619398,0.4040828052618104,0.1664301289548786,0.0309520500556393,0.9,1.65,2.0,0.4452838534047455,5.2724404892936544e-98,394879.0,576388.0,202142.0,0.5258291494630788,1.7227948739674388e-41
K562,ZNF316,ENCSR167KBO_MTGACTCAGCANWWY,16048,135912,15946,135912,0.0,"[-12, -10, -9, -8, -7, -5, -1, 0, 1, 2, 3, 4, 5, 6]","[-72, -67, -61, -60, -58, -57, -56, -55, -54, -53, -51, -50, -49, -48, -47, -46, -45, -44, -43, -42, -41, -40, -39, -38, -37, -36, -35, -34, -33, -32, -31, -30, -29, -28, -27, -26, -25, -24, -23, -22, -21, -20, -19, -18, -17, -16, -15, -14, -13]","[7, 8, 9, 10, 11, 12, 13, 14, 15, 16, 17, 18, 19, 20, 21, 22, 23, 24, 25, 26, 27, 28, 29, 30, 31, 32, 33, 34, 35, 36, 37, 38, 39, 40, 41, 43, 44, 45, 46, 48, 49, 50, 52, 54, 56, 60]",0.2335006682783396,0.3343588343226319,0.334440889019489,0.1752938829945456,0.0250843638692224,0.3,1.8,2.0,0.2536292161870299,9.928821797871483e-31,161481.0,165002.0,89031.0,0.3528580027843171,6.65371959300081e-40
K562,ZNF384,ENCSR000EFP_AAAAAAAAAAAAAAAAAAARR,11763,149754,11586,149754,0.0,"[10, 11, 12]","[-46, -45, -44, -43, -35, -34, -33, -32, -31, -30, -29, -28, -27, -26, -25, -24, -23, -22, -21, -20, -19, -18, -17, -16, -15, -14, -13, -12, -11, -10]","[17, 18, 19, 20, 21, 22, 23, 24, 25, 26, 27, 31, 55, 56, 57, 58, 59, 60, 68, 70, 71, 72, 89]",0.1840311051022032,0.3124821051502865,0.290168730563894,0.1669157698470779,0.0379634713140893,1.7,1.65,2.0,0.1404116432958053,0.0010468889909579,28899.0,13119.0,5205.0,0.2789090703911411,4.888372196038031e-07
K562,ZNF639,ENCSR949NVY_BGCGCATGCGCASDR,17599,81421,17085,81421,0.0,"[-10, -9, -8, -7, -6, -5, -4, -3, -2, -1, 0, 1, 2, 3, 4, 5, 6, 7]","[-100, -99, -93, -92, -90, -89, -84, -83, -82, -80, -78, -75, -74, -72, -71, -70, -69, -67, -64, -63, -62, -61, -60, -59, -58, -57, -56, -55, -54, -53, -52, -51, -50, -49, -48, -47, -46, -45, -44, -43, -42, -41, -40, -39, -38, -37, -36, -35, -34, -33, -32, -31, -30, -29, -28, -27, -26, -25, -24, -23, -22, -21, -20, -19, -16, -15, -14, -13]","[10, 11, 12, 13, 16, 17, 18, 19, 20, 21, 22, 23, 24, 25, 26, 27, 28, 29, 30, 31, 32, 33, 34, 35, 36, 37, 38, 39, 40, 41, 42, 43, 44, 45, 46, 47, 48, 49, 50, 51, 52, 53, 54, 55, 56, 57, 58, 59, 60, 61, 62, 63, 64, 65, 66, 67, 69, 71, 72, 75, 76, 77, 79, 80, 84, 85, 86, 87, 88, 89, 90, 96]",0.1293853772385514,0.3231359410615518,0.3175357726564146,0.1956138069989184,0.023428318403362,0.7,0.2,2.0,0.4205099966631686,1.5905933425194622e-86,655786.0,769528.0,451144.0,0.3627327886941375,4.3833181836316495e-67
